"studyName","doi","url","citation"
"Abe1981","","","Abe N (1981). 'Studies on the management of Abies sachalinensis Mast. planted forest (III) On biomass estimation of 53-year-old stand.' Bulletin of the Hokkaido Forest Experiment Station, 19, pp. 115-127."
"Aiba2005","10.1093/aob/mci179","http://doi.org/10.1093/aob/mci179","Aiba M and Nakashizuka T (2005). 'Sapling structure and regeneration strategy in 18 Shorea species co-occurring in a tropical rainforest.' Annals of Botany, 96(2), pp. 313-321."
"Aiba2007","10.1111/j.1654-1103.2007.tb02550.x","http://doi.org/10.1111/j.1654-1103.2007.tb02550.x","Aiba M and Nakashizuka T (2007). 'Variation in juvenile survival and related physiological traits among dipterocarp species co-existing in a Bornean forest.' Journal of Vegetation Science, 18(3), pp. 379-388."
"Albrektson1984","10.1093/forestry/57.1.35","http://doi.org/10.1093/forestry/57.1.35","Albrektson A (1984). 'Sapwood basal area and needle mass of Scots pine (Pinus sylvestris L.) trees in central Sweden.' Forestry, 57(1), pp. 35-43."
"Ando1962","","","Ando T, Sakaguchi K, Narita T and Satoo S (1962). 'Growth analysis on the natural stands of Japanese red pine (Pinus densiflora Sieb. et Zucc.) I. Effects of improvement cutting and relative growth.' Bulletin of the Forestry and Forest Products Research Institute, 144, pp. 1-30."
"Ando1973","","","Ando T and Takeuchi I (1973). 'Growth and production structure of Acacia mollissima Willd. and Acacia dealbata Link in Saijo experimental stand.' Bulletin of the Government Forest Products Research Institute, 252, pp. 149-159."
"Ando1988","","","Kawanabe S and Ando M (1988). 'Studies on the regeneration of natural forest on lower limit of cool temperate deciduous broad-leaved forest V. Biomass and growth in natural forest of Cryptomeria japonica [in Japanese with English abstract].' Bulletin of the Kyoto University Forests, 60, pp. 67-76."
"Aspinwall2013","10.1007/s00468-012-0806-4","http://doi.org/10.1007/s00468-012-0806-4","Aspinwall MJ, King JS and McKeand SE (2013). 'Productivity differences among loblolly pine genotypes are independent of individual-tree biomass partitioning and growth efficiency.' Trees, 27(3), pp. 533-545. ISSN 0931-1890, 1432-2285."
"Baltzer2007","10.1007/s00442-007-0722-2","http://doi.org/10.1007/s00442-007-0722-2","Baltzer JL and Thomas S (2007). 'Physiological and morphological correlates of whole-plant light compensation point in temperate deciduous tree seedlings.' Oecologia, 153(2), pp. 209-223."
"Baraloto2006","10.1017/S0266467406003439","http://doi.org/10.1017/S0266467406003439","Baraloto C, Bonal D and Goldberg DE (2006). 'Differential seedling growth response to soil resource availability among nine neotropical tree species.' Journal of Tropical Ecology, 22(05), pp. 487-497."
"Battaglia1998","","","Battaglia M, Cherry M, BEadle C, Sands PJ and Hingston A (1998). 'Prediction of leaf area index in eucalypt plantations : effects of water stress and temperature.' Tree Physiology, 18, pp. 521-528."
"BondLamberty2002","10.1139/x02-063","http://doi.org/10.1139/x02-063","Bond-Lamberty B, Wang C and Gower ST (2002). 'Aboveground and belowground biomass and sapwood area allometric equations for six boreal tree species of northern Manitoba.' Canadian Journal of Forest Research, 32(8), pp. 1441-1450."
"Brown1978","","http://www.treesearch.fs.fed.us/pubs/40118","Brown JK (1978). 'INT-197: Weight and density of crowns of Rocky Mountain conifers.' U.S. Department of Agriculture, Forest Service, Intermountain Forest and Range Experiment Station."
"Burger1953","","","Burger H (1953). 'Holz, Blattmenge und Zuwachs. Fichten in gleichaltrigen Hochwald. Mitt. Schweiz.' Mitteilungen der Schweizerischen Anstalt för das forstliche Versuchswesen, 29, pp. 38-130."
"Camac0000","","","Camac J (Unpublished).  "
"Claveau2002","10.1139/x01-220","http://doi.org/10.1139/x01-220","Claveau Y, Messier C, Comeau PG and Coates KD (2002). 'Growth and crown morphological responses of boreal conifer seedlings and saplings with contrasting shade tolerance to a gradient of light and height.' Canadian Journal of Forest Research, 32(3), pp. 458-468."
"Claveau2005","10.1093/treephys/25.3.373","http://doi.org/10.1093/treephys/25.3.373","Claveau Y, Messier C and Comeau PG (2005). 'Interacting influence of light and size on aboveground biomass distribution in sub-boreal conifer saplings with contrasting shade tolerance.' Tree Physiology, 25(3), pp. 373-384."
"Coll2008","10.1007/s00468-008-0219-6","http://doi.org/10.1007/s00468-008-0219-6","Coll L, Potvin C, Messier C and Delagrange S (2008). 'Root architecture and allocation patterns of eight native tropical species with different successional status used in open-grown mixed plantations in Panama.' Trees - Structure and Function, 22(4), pp. 585-596."
"Dannoura2006","","","Dannoura M, Suzuki M, Kominami Y, Goto Y and Kanazawa Y (2006). 'Estimation of root biomass and root surface area in a broad-leaved secondary forest in the southern part of Kyoto Prefecture.' Journal of the Japanese Forest Society, 88, pp. 120-125."
"Delagrange0000a","","","Delagrange S (Unpublished).  "
"Delagrange0000b","","","Delagrange S (Unpublished).  "
"Delagrange2004","10.1093/treephys/24.7.775","http://doi.org/10.1093/treephys/24.7.775","Delagrange S, Messier C, Lechowicz MJ and Dizengremel P (2004). 'Physiological, morphological and allocational plasticity in understory deciduous trees: importance of plant size and light availability.' Tree Physiology, 24(7), pp. 775-784."
"Domec2012","10.1007/s13595-011-0154-3","http://doi.org/10.1007/s13595-011-0154-3","Domec J, Lachenbruch B, Pruyn M and Spicer R (2012). 'Effects of age-related increases in sapwood area, leaf area, and xylem conductivity on height-related hydraulic costs in two contrasting coniferous species.' Annals of Forest Science, 69(1), pp. 17-27."
"Epron2011","10.1093/treephys/tpr107","http://doi.org/10.1093/treephys/tpr107","Epron D, Laclau JP, Almeida JCR, Goncalves JLM, Ponton S, Sette CR, Delgado-Rojas JS, Bouillet J and Nouvellon Y (2012). 'Do changes in carbon allocation account for the growth response to potassium and sodium applications in tropical Eucalyptus plantations?' Tree Physiology, 32(6), pp. 667-679."
"Fatemi2011","10.1139/x10-248","http://doi.org/10.1139/x10-248","Fatemi FR, Yanai RD, Hamburg SP, Vadeboncoeur MA, Arthur MA, Briggs RD and Levine CR (2011). 'Allometric equations for young northern hardwoods: the importance of age-specific equations for estimating aboveground biomass.' Canadian Journal of Forest Research, 41, pp. 881-891."
"FLFU1963","","","group R (1963). 'Forest production data from the perspective of material cycle 1.' Forestry Laboratories of Kyoto University, Tokyo University, Niigata University and Shinshu University."
"FLFU1965","","","group R (1965). 'Forest production data from the perspective of material cycle 2.' Forestry Laboratories of Kyoto University, Tokyo University, Niigata University and Shinshu University."
"Furuno1967","","","Furuno T and Kawanabe S (1967). 'Investigations on the productivity of Japanese fir (Abies firma Sieb. et Zucc.) and hemlock (Tsuga sieboldii Carr.) stands in Kyoto University Forest of Wakayama (I) On the growth of Japanese fir stands.' Bulletin of the Kyoto University Forests, 39, pp. 9-26."
"Garber2005","10.1016/j.foreco.2005.02.053","http://doi.org/10.1016/j.foreco.2005.02.053","Garber SM and Maguire DA (2005). 'The response of vertical foliage distribution to spacing and species composition in mixed conifer stands in central Oregon.' Forest Ecology and Management, 211(3), pp. 341-355."
"Gargaglione2010","10.1016/j.foreco.2009.12.025","http://doi.org/10.1016/j.foreco.2009.12.025","Gargaglione V, Peri PL and Rubio G (2010). 'Allometric relations for biomass partitioning of Nothofagus antarctica trees of different crown classes over a site quality gradient.' Forest Ecology and Management, 259(6), pp. 1118-1126."
"Ghannoum2010a","10.1111/j.1365-2486.2009.02003.x","http://doi.org/10.1111/j.1365-2486.2009.02003.x","Ghannoum O, Phillips NG, Conroy JP, Smith RA, Attard RD, Woodfield R, Logan BA, Lewis JD and Tissue DT (2010). 'Exposure to preindustrial, current and future atmospheric CO2 and temperature differentially affects growth and photosynthesis in Eucalyptus.' Global Change Biology, 16(1), pp. 303-319."
"Ghannoum2010b","10.1111/j.1365-3040.2010.02172.x","http://doi.org/10.1111/j.1365-3040.2010.02172.x","Ghannoum O, Phillips NG, Sears MA, Logan BA, Lewis JD, Conroy JP and Tissue DT (2010). 'Photosynthetic responses of two eucalypts to industrial-age changes in atmospheric [CO2] and temperature.' Plant, Cell & Environment, 33(10), pp. 1671-1681."
"Goto2003","","","Goto Y, Kominami Y, Miyama T, Tamai K and Kanazawa Y (2003). 'Aboveground biomass and net primary production of a broad-leaved secondary forest in the southern part of Kyoto prefecture, central Japan.' Bulletin of the Forestry and Forest Products Research Institute, 2, pp. 115-147."
"Hagihara1993","","","Hagihara A, Yokota T and Ogawa K (1993). 'Allometric relations in hinoki (Chamaecyparis obtusa (Sieb. et Zucc.) Endl.) trees.' Bulletein of the Nagoya University Forests, 12, pp. 11-29."
"Hamilton2005","10.1080/00049158.2005.10674976","http://doi.org/10.1080/00049158.2005.10674976","Hamilton SD, Brodie G and O'Dwyer C (2005). 'Allometric relationships for estimating biomass in grey box (Eucalyptus microcarpa).' Australian Forestry, 68(4), pp. 267-273."
"Harada1972","","","Harada H, Satoo H, Hotta I, Hatiya K and Tadaki Y (1972). 'Study on the nutrient contents of mature Cryptomeria forest.' Bulletin of the Government Forest Experiment Station, 249, pp. 17-74."
"Harja2012","10.1007/s00468-012-0703-x","http://doi.org/10.1007/s00468-012-0703-x","Harja D, Vincent G, Mulia R and van Noordwijk M (2012). 'Tree shape plasticity in relation to crown exposure.' Trees - Structure and Function, 26, pp. 1275-1285."
"Haruki1979","","","Haruki M (1979). 'Studies on the material biomass of Abies sachalinensis artificial forest.' Research bulletin of the Hokkaido University Forests, 36, pp. 147-247."
"Hashizume1980","","","Hashizume H and Onishi Y (1980). 'On the production structure and productivity of beech forests in the Hiruzen district.' Hardwood research, 1, pp. 73-84."
"Hashizume1985","","","Hashizume H (1985). 'Studies on the improvement of the secondary forest of broad-leaved trees (II) The effect of improvement cutting and manuring on the growth of the secondary forest of Kunugi (Quercus acutissima Carruth.) .' Bulletin of the Faculty of Agriculture, Tottori University, 38, pp. 60-67."
"Holdaway2008","10.1111/j.1365-2435.2008.01388.x","http://doi.org/10.1111/j.1365-2435.2008.01388.x","Holdaway RJ, Allen RB, Clinton PW, Davis MR and Coomes DA (2008). 'Intraspecific changes in forest canopy allometries during self-thinning.' Functional Ecology, 22, pp. 460-469."
"Iijima1991","","","Iijima K (1991). Growth of the stem volume of hinoki trees. Master's thesis, Faculty of Agriculture, Nagoya University, Japan."
"Ikushima1964","","","Ikushima T (1964). 'Productive structure of woody community.' Academic report of Tanzawa Oyama, Kanagawa Prefecture."
"Ilomaki2003","10.1139/x03-164","http://doi.org/10.1139/x03-164","Ilomäki S, Nikinmaa E and Mäkelä A (2003). 'Crown rise due to competition drives biomass allocation in silver birch.' Canadian Journal of Forest Research, 33(12), pp. 2395-2404."
"Ishii2000","","","Ishii H and Tadaki Y (2000). 'Structure and biomass of a secondary broad-leaved forest growing in the campus of Nagoya University.' Nagoya University forest science, 19, pp. 197-206."
"Kabaya1968","","","Kabaya H and Sato T (1968). 'Estimation of the biomass, growth and nitrogen biomass in Pinus thunbergii forest.' Bulletin of the Japanese Forestry Society, 79, pp. 93-94."
"Kabaya1981","","","Kabaya H (1981). 'Causal analyses of poor growth observed at the inner part of the pine plantations on costal sand dune.' Bulletin of the Tokyo University Forests, 70, pp. 11-80."
"Kantola2004","10.1007/s00468-004-0319-x","http://doi.org/10.1007/s00468-004-0319-x","Kantola A and Mäkelä A (2004). 'Crown development in Norway spruce [Picea abies (L.) Karst.].' Trees - Structure and Function, 18(4), pp. 408-421."
"Karizumi1984","","","Karizumi N and Terada M (1984). 'Root structure in a Chamaecyparis obtusa forest.' Bulletin of the Japanese Forestry Society, 95, pp. 337-338."
"Katagiri1984","","","Katagiri S, Ishii H, Miyake N and Ando Y (1984). 'Studies on mineral cycling in a deciduous broad-leaved forest at Sanbe Forest of Shimane University (XII): Difference of above ground biomass in a deciduous broad-leaved forest along a slope.' Bulletin of the Faculty of Agriculture, Shimane University, 18, pp. 53-60."
"Katakura2007","","","Katakura M, Yamauchi M and Koyama Y (2007). 'Biomass and carbon stock in Larix, Pinus, and Quercus forests and the changes in soil carbon after clear cut of a Pinus forest.' Bulletin of the Nagano Prefecture Forestry Research Center, 22, pp. 33-55."
"Kato1973","","","Kato R and Segawa K (1973). 'Growth and primary productivity of Kobanoyamahannoki (Alnus Inokumai Murai et Kusaka) stand at Mamurogawa experimental plot.' Bulletin of the Forestry and Forest Products Research Institute, 252, pp. 135-147."
"Kawahara1981","","","Kawahara T, Kanazawa Y and Sakurai S (1981). 'Biomass and net production of man-made forests in the Philippines.' Journal of the Japanese Forest Society, 63, pp. 320-327."
"Kawanabe1977","","","Kawanabe S (1977). 'JIBP synthesis.' In volume 16, chapter A subtropical broad-leaved forest at Yona, Okinawa. Primary productivity of Japanese forests. Productivity of terrestrial communities, pp. 268-279. University of Tokyo Press."
"Kelly0000a","","","Kelly J (Unpublished).  "
"Kelly0000b","","","Kelly J (Unpublished).  "
"Kenzo2009","10.1017/S0266467409006129","http://doi.org/10.1017/S0266467409006129","Kenzo T, Ichie T, Hattori D, Itioka T, Handa C, Ohkubo T, Kendawang JJ, Nakamura M, Sakaguchi M, Takahashi N, Okamoto M, Tanaka-Oda A, Sakurai K and Ninomiya I (2009). 'Development of allometric relationships for accurate estimation of above- and below-ground biomass in tropical secondary forests in Sarawak, Malaysia.' Journal of Tropical Ecology, 25(04), pp. 371-386."
"Kenzo2009b","10.1007/s10310-009-0149-1","http://doi.org/10.1007/s10310-009-0149-1","Kenzo T, Furutani R, Hattori D, Kendawang J, Tanaka S, Sakurai K and Ninomiya I (2009). 'Allometric equations for accurate estimation of above-ground biomass in logged-over tropical rainforests in Sarawak, Malaysia.' Journal of Forest Research, 14(6), pp. 365-372."
"King1994","","http://www.jstor.org/stable/2445287","King DA (1994). 'Influence of light level on the growth and morphology of saplings in a Panamanian forest.' American Journal of Botany, 81(8), pp. 948-957."
"King1996","10.1017/S0266467400009299","http://doi.org/10.1017/S0266467400009299","King DA (1996). 'Allometry and life history of tropical trees.' Journal of Tropical Ecology, 12, pp. 25-44."
"Kitazawa1959","","","Kitazawa Y, Kimura M, Tezuka Y, Kurasawa H, Sakamoto M and Yishino M (1959). 'Plant ecology of the southern part of Osumi Peninsula.' Miscellaneous reports of the Research Institute for Natural Resources, 49, pp. 19-36."
"Kohyama0000","","","Kohyama T and Grubb PJ (Unpublished).  "
"Kohyama1987","10.2307/2389797","http://doi.org/10.2307/2389797","Kohyama T (1987). 'Significance of architecture and allometry in saplings.' Functional Ecology, 1(4), pp. 399-404."
"Kohyama1990","10.2307/2389319","http://doi.org/10.2307/2389319","Kohyama T and Hotta M (1990). 'Significance of allometry in tropical saplings.' Functional Ecology, 4(4), pp. 515-521."
"Kohyama1994","","http://www.jstor.org/stable/2389906","Kohyama T and Grubb PJ (1994). 'Below-and above-ground allometries of shade-tolerant seedlings in a Japanese warm-temperate rain forest.' Functional Ecology, 8(2), pp. 229-236."
"Komiyama2002","","","Komiyama A, Kato S and Ninomiya I (2002). 'Allometric relationships for deciduous broad-leaved forests in Hida district, Gifu Prefecture, Japan.' Journal of the Japanese Forestry Society, 84, pp. 130-134."
"Komiyama2003","","","Komiyama A, Ohne M and Kato S (2003). 'Comparison of vertical distribution of root weight between Hinoki cypress (Camaecyparis obtusa) and oak (Quercus crispula) individuals growing in a Hinoki plantation.' Journal of the Japanese Forest Society, 85, pp. 152-155."
"leMaire2011","10.1016/j.rse.2010.10.004","http://doi.org/10.1016/j.rse.2010.10.004","le Maire G, Marsden C, Verhoef W, Ponzoni FJ, Lo Seen D, Bégué A, Stape J and Nouvellon Y (2011). 'Leaf area index estimation with MODIS reflectance time series and model inversion during full rotations of Eucalyptus plantations.' Remote Sensing of Environment, 115(2), pp. 586-599."
"Lewis2013","10.1093/treephys/tpt032","http://doi.org/10.1093/treephys/tpt032","Lewis JD, Smith RA, Ghannoum O, Logan BA, Phillips NG and Tissue DT (2013). 'Industrial-age changes in atmospheric [CO2] and temperature differentially alter responses of faster- and slower-growing Eucalyptus seedlings to short-term drought.' Tree Physiology, 33(5), pp. 475-488."
"Lusk0000a","","","Lusk CH (Unpublished).  "
"Lusk0000b","","","Lusk CH (Unpublished).  "
"Lusk2002","10.1007/s00442-002-0974-9","http://doi.org/10.1007/s00442-002-0974-9","Lusk CH (2002). 'Leaf area accumulation helps juvenile evergreen trees tolerate shade in a temperate rainforest.' Oecologia, 132(2), pp. 188-196."
"Lusk2004","10.1111/j.0269-8463.2004.00897.x","http://doi.org/10.1111/j.0269-8463.2004.00897.x","Lusk CH (2004). 'Leaf area and growth of juvenile temperate evergreens in low light: species of contrasting shade tolerance change rank during ontogeny.' Functional Ecology, 18(6), pp. 820-828."
"Lusk2011","10.1093/aob/mcr166","http://doi.org/10.1093/aob/mcr166","Lusk CH, Pérez-Millaqueo MM, Piper FI and Saldaña A (2011). 'Ontogeny, understorey light interception and simulated carbon gain of juvenile rainforest evergreens differing in shade tolerance.' Annals of Botany, 108, pp. 419-428."
"Lusk2012","10.1093/aob/mcs095","http://doi.org/10.1093/aob/mcs095","Lusk CH, Pérez-Millaqueo MM, Saldaña A, Burns BR, Laughlin DC and Falster DS (2012). 'Seedlings of temperate rainforest conifer and angiosperm trees differ in leaf area display.' Annals of Botany, 110, pp. 177-188."
"Lusk2013","10.1111/1365-2745.12152","http://doi.org/10.1111/1365-2745.12152","Lusk CH, Kaneko T, Grierson E and Clearwater M (2013). 'Correlates of tree species sorting along a temperature gradient in New Zealand rain forests: seedling functional traits, growth and shade tolerance.' Journal of Ecology, 101(6), pp. 1531-1541."
"Maguire1998","10.1139/x98-093","http://doi.org/10.1139/x98-093","Maguire DA, Brissette JC and Gu L (1998). 'Crown structure and growth efficiency of red spruce in uneven-aged, mixed-species stands in Maine.' Canadian Journal of Forest Research, 28(8), pp. 1233-1240."
"Markesteijn2009","10.1111/j.1365-2745.2008.01466.x","http://doi.org/10.1111/j.1365-2745.2008.01466.x","Markesteijn L and Poorter L (2009). 'Seedling root morphology and biomass allocation of 62 tropical tree species in relation to drought- and shade-tolerance.' Journal of Ecology, 97(2), pp. 311-325."
"Martin1998","10.1139/x98-146","http://doi.org/10.1139/x98-146","Martin JG, Kloeppel BD, Schaefer TL, Kimbler DL and McNulty SG (1998). 'Aboveground biomass and nitrogen allocation of ten deciduous southern Appalachian tree species.' Canadian Journal of Forest Research, 28, pp. 1648-1659."
"McCulloh2010","10.1111/j.1469-8137.2010.03181.x","http://doi.org/10.1111/j.1469-8137.2010.03181.x","McCulloh K, Sperry JS, Lachenbruch B, Meinzer FC, Reich PB and Voelker S (2010). 'Moving water well: comparing hydraulic efficiency in twigs and trunks of coniferous, ring-porous, and diffuse-porous saplings from temperate and tropical forests.' New Phytologist, 186(2), pp. 439-450."
"Mokany2003","10.1093/treephys/23.14.949","http://doi.org/10.1093/treephys/23.14.949","Mokany K, McMurtrie RE, Atwell BJ and Keith H (2003). 'Interaction between sapwood and foliage area in alpine ash (Eucalyptus delegatensis) trees of different heights.' Tree Physiology, 23(14), pp. 949-958."
"Monserud1999","10.1139/x99-015","http://doi.org/10.1139/x99-015","Monserud RA and Marshall JD (1999). 'Allometric crown relations in three northern Idaho conifer species.' Canadian Journal of Forest Research, 29(5), pp. 521-535."
"Mori1979","","","Mori M, Inuma M, Sato A and Saito K (1979). 'Managements and land use in Fagus crenata natural forest region in Tohoku district.' Technical Report 5, Agriculture, Forestry and Fisheries Research Council."
"Mori1991","10.1007/BF00204336","http://doi.org/10.1007/BF00204336","Mori S and Hagihara A (1991). 'Crown profile of foliage area characterized with the Weibull distribution in a hinoki (Chamaecyparis obtusa) stand.' Trees - Structure and Function, 5(3), pp. 149-152."
"Morisawa1957","","","Morisawa M and Taira K (1957). 'Leaf biomass of Fagus crenata in Gumma Prefecture.' Bulletin of the Forestry and Forest Products Research Institute, 95, pp. 121-127."
"Muro2006","","","Muro M, Saho K, Sasaki Y, Yamada Y, Inoue K and Kaneko M (2006). 'Project for forest absorption source measurement and enforcement of utilization system - belowground and aboveground biomass measurements.' Technical Report 48, Oita Prefectural Forestry Research Institute."
"Myster2009","10.1007/s11258-009-9609-0","http://doi.org/10.1007/s11258-009-9609-0","Myster RW (2009). 'Tree seedling survivorship, growth, and allocation in the Cross Timbers ecotone of Oklahoma, USA.' Plant Ecology, 205(2), pp. 193-199."
"Naidu1998","10.1139/x98-083","http://doi.org/10.1139/x98-083","Naidu SL, DeLucia EH and Thomas RB (1998). 'Contrasting patterns of biomass allocation in dominant and suppressed loblolly pine.' Canadian Journal of Forest Research, 28, pp. 1116-1124."
"Nakagaki1983","","","Nakagaki K (1983). Biomass of attached dead branches and their CO2 release in hinoki cypress and Japanese red cedar plantations. Master's thesis, Faculty of Agriculture, Nagoya University, Japan."
"Nishioka1982","","","Nishioka M, Umehara T and Nagano M (1982). 'Leaf, branch and stem biomass of composing tree species of forests near the Japanese macaque habitat on Mt. Minoh (in Japanese with title translated by Masae Ishihara).' Reports on Japanese macaque on Mt. Minoh (title translated by Masae Ishihara), pp. 117-139."
"Nouvellon2010","10.1016/j.foreco.2009.05.023","http://doi.org/10.1016/j.foreco.2009.05.023","Nouvellon Y, Laclau JP, Epron D, Kinana A, Mabiala A, Roupsard O, Bonnefond JM, le Marie G, Marsden C, Bontemps JD and Saint-André L (2010). 'Within-stand and seasonal variations of specific leaf area in a clonal Eucalyptus plantation in the Republic of Congo.' Forest Ecology and Management, 259(9), pp. 1796-1807."
"OGrady2000","10.1071/BT99022","http://doi.org/10.1071/BT99022","O'Grady AP, Chen X, Eamus D and Hutley LB (2000). 'Composition, leaf area index and standing biomass of eucalypt open forests near Darwin in the Northern Territory, Australia.' Australian Journal of Botany, 48(5), pp. 629-638."
"OGrady2006","10.1007/s00468-006-0055-5","http://doi.org/10.1007/s00468-006-0055-5","O'Grady A, Worledge D and Battaglia M (2006). 'Above- and below-ground relationships, with particular reference to fine roots, in a young Eucalyptus globulus (Labill.) stand in southern Tasmania.' Trees, 20(5), pp. 531-538."
"OHara1995","10.1139/x95-169","http://doi.org/10.1139/x95-169","O'Hara KL and Valappil NI (1995). 'Sapwood-leaf area prediction equations for multi-aged ponderosa pine stands in western Montana and central Oregon.' Canadian Journal of Forest Research, 25(9), pp. 1553-1557."
"OHara2014","","http://dx.doi.org/10.5849/forsci.13-063","O'Hara K and York RA (2014). 'Leaf Area Development and Crown Architecture in a Giant Sequoia Spacing Study.' Forest Science, 60, pp. 776-783."
"Ohtsuka2005","","","Ohtsuka T, Akiyama T, Hashimoto Y, Inatomi M, Sakai T, Jia S, Mo W, Tsuda S and Koizumi H (2005). 'Biometric based estimates of net primary production (NPP) in a cool-temperate deciduous forest stand beneath a flux tower.' Agricultural and Forest Meteorology, 134, pp. 27-38."
"Osada0000","","","Osada N (Unpublished).  "
"Osada2003","10.1016/S0378-1127(02)00393-6","http://doi.org/10.1016/S0378-1127(02)00393-6","Osada N, Takeda H, Kawaguchi H, Furukawa A and Awang M (2003). 'Estimation of crown characters and leaf biomass from leaf litter in a Malaysian canopy species, Elateriospermum tapos (Euphorbiaceae).' Forest Ecology and Management, 177(1-3), pp. 379-386."
"Osada2005","10.1139/b05-133","http://doi.org/10.1139/b05-133","Osada N (2005). 'Branching, biomass distribution, and light capture efficiency in a pioneer tree, Rhus trichocarpa, in a secondary forest.' Canadian Journal of Botany, 83(12), pp. 1590-1598."
"Osunkoya2007","10.3732/ajb.94.12.1951","http://doi.org/10.3732/ajb.94.12.1951","Osunkoya OO, Omar-Ali K, Amit N, Dayan J, Daud DS and Sheng TK (2007). 'Comparative height crown allometry and mechanical design in 22 tree species of Kuala Belalong rainforest, Brunei, Borneo.' American Journal of Botany, 94(12), pp. 1951-1962."
"Parviainen1999","","","Parviainen T (1999). 'MSc thesis: Investigating the biomass and crown structure of mixed stand birch trees for process-based models. [In Finnish.].' University of Helsinki."
"Peri0000","","","Peri P (Unpublished).  "
"Peri2008","","","Peri P and Lasagno R (2008). 'Secuestro de carbono en la estepa de Patagonia Sur.' Actas XXIII Reunion Argentina de Ecologia (ASAE), pp. 220."
"Peri2011","","","Peri P (2011). 'Carbon Storage in Cold Temperate Ecosystems in Southern Patagonia, Argentina. En: Biomass and Remote Sensing of Biomass (Ed. Islam Atazadeh).' InTech Publisher, Croacia, pp. 213-226."
"Petritan2009","10.1007/s10342-008-0239-1","http://doi.org/10.1007/s10342-008-0239-1","Petriţan A, Lüpke Bv and Petriţan I (2009). 'Influence of light availability on growth, leaf morphology and plant architecture of beech (Fagus sylvatica L.), maple (Acer pseudoplatanus L.) and ash (Fraxinus excelsior L.) saplings.' European Journal of Forest Research, 128(1), pp. 61-74."
"Poorter1999","10.1046/j.1365-2435.1999.00332.x","http://doi.org/10.1046/j.1365-2435.1999.00332.x","Poorter L (1999). 'Growth responses of 15 rain-forest tree species to a light gradient: the relative importance of morphological and physiological traits.' Functional Ecology, 13, pp. 396-410."
"Portsmuth2005","10.1139/x05-155","http://doi.org/10.1139/x05-155","Portsmuth A, Niinemets U, Truus L and Pensa M (2005). 'Biomass allocation and growth rates in Pinus sylvestris are interactively modified by nitrogen and phosphorus availabilities and by tree size and age.' Canadian Journal of Forest Research, 35(10), pp. 2346-2359."
"Portsmuth2006","10.1016/j.foreco.2006.02.020","http://doi.org/10.1016/j.foreco.2006.02.020","Portsmuth A and Niinemets Ü (2006). 'Interacting controls by light availability and nutrient supply on biomass allocation and growth of Betula pendula and B. pubescens seedlings.' Forest Ecology and Management, 227(1-2), pp. 122-134."
"Reid2004","10.1007/s00468-003-0317-4","http://doi.org/10.1007/s00468-003-0317-4","Reid DEB, Lieffers VJ and Silins U (2004). 'Growth and crown efficiency of height repressed lodgepole pine; are suppressed trees more efficient?' Trees, 18(4), pp. 390-398."
"Ribeiro2011","10.1016/j.foreco.2011.04.017","http://doi.org/10.1016/j.foreco.2011.04.017","Ribeiro SC, Fehrmann L, Soares CPB, Jacovine LAG, Kleinn C and de Oliveira Gaspar R (2011). 'Above- and belowground biomass in a Brazilian Cerrado.' Forest Ecology and Management, 262(3), pp. 491-499."
"Roberts2003","","","Roberts SD, Dean TJ and Evans DL (2003). 'Family influences on leaf area estimates derived from crown and tree dimensions in Pinus taeda.' Forest ecology and management, 172(2), pp. 261-270."
"Roberts2004","","http://www.treesearch.fs.fed.us/pubs/6726","Roberts SD, Friend AL and Gerard PD (2004). 'The effect of large applications of nutrients from organic waste on biomass allocation and allometric relations in loblolly pine.' Proc. 12th Biennial South. Silvicultural Res. Conf. Gen Tech. Rep. SRS-48. US Department of Agriculture, Forest Service, Southern Research Station, Asheville, NC, pp. 398-402."
"Rodriguez2003","10.1016/S0378-1127(03)00300-1","http://doi.org/10.1016/S0378-1127(03)00300-1","Rodríguez R, Espinosa M, Hofmann G and Marchant M (2003). 'Needle mass, fine root and stem wood production in response to silvicultural treatment, tree size and competitive status in radiata pine stands.' Forest Ecology and Management, 186(1-3), pp. 287-296."
"Roeh1997","10.1016/S0378-1127(97)00033-9","http://doi.org/10.1016/S0378-1127(97)00033-9","Roeh RL and Maguire DA (1997). 'Crown profile models based on branch attributes in coastal Douglas-fir.' Forest Ecology and Management, 96(1-2), pp. 77-100."
"Roth2007","10.1016/j.foreco.2006.10.010","http://doi.org/10.1016/j.foreco.2006.10.010","Roth BE, Jokela EJ, Martin TA, Huber DA and White TL (2007). 'Genotype x environment interactions in selected loblolly and slash pine plantations in the Southeastern United States.' Forest Ecology and Management, 238(1-3), pp. 175-188."
"Saito1981","","","Saito M (1981). 'Estimation of biomass of natural Cryptomeria stand in the Sado experimental forest.' Bulletin of Niigata University Forest, 14, pp. 107-114."
"Salazar2010","","","Salazar S, Sanchez LE, Galindo P and Santa-Regina I (2010). 'Above-ground tree biomass equations and nutrient pools for a paraclimax chestnut stand and for a climax oak stand in the Sierra de Francia Mountains, Salamanca, Spain.' Scientific Research and Essays, 5(11), pp. 1294-1301."
"SaldanaAcosta2009","10.1016/j.foreco.2009.07.027","http://doi.org/10.1016/j.foreco.2009.07.027","Saldaña-Acosta A, Meave JA and Sánchez-Velásquez LR (2009). 'Seedling biomass allocation and vital rates of cloud forest tree species: Responses to light in shade house conditions.' Forest Ecology and Management, 258(7), pp. 1650-1659."
"SantaRegina0000","","","Regina IS (Unpublished).  "
"SantaRegina1999","10.1051/forest:19990804","http://doi.org/10.1051/forest:19990804","Regina IS and Tarazona T (1999). 'Organic matter dynamics in beech and pine stands of mountainous Mediterranean climate area.' Annals of Forest Science, 56(8), pp. 667-677."
"Sato1971","","","Sato A, Kato R and Mori M (1971). 'Growth analysis on the old-growth natural stands of Pinus densiflora.' Bulletin of the Japan Forest Society, 82, pp. 180-182."
"Satoo1968","","","Satoo T (1968). 'Primary production and distribution of produced dry matter in a plantation of Cinnamomum camphora : Materials for the studies of growth in stands.' Bulletin of the Tokyo University Forests, 64, pp. 241-275."
"Satoo1974a","","","Satoo T, Negisi K and Yagi K (1974). 'Primary production relations in a plantation of Thujopsis dolabrata in Noto Peninsula: Materials for the studies of growth in forest stands.' Bulletin of the Tokyo University Forests, 66, pp. 139-155."
"Satoo1974b","","","Satoo T (1974). 'Primary production relations in a natural forest of Betula maximowicziana in Hokkaido: Materials for the studies of growth in forest stands.' Bulletin of the Tokyo University Forests, 66, pp. 109-117."
"Satoo1974c","","","Satoo T (1974). 'Primary production relations in a plantation of Larix leptolepis in Hokkaido: Materials for the studies of growth in forest stands.' Bulletin of the Tokyo University Forests, 66, pp. 119-126."
"Satoo1974d","","","Satoo T (1974). 'Primary production relations of a young stand of Metasequoia glyptostroboides planted in Tokyo: Materials for the studies of growth in forest stands.' Bulletin of the Tokyo University Forests, 66, pp. 153-164."
"Satoo1974e","","","Satoo T (1974). 'Primary production relations in a young plantation of Abies sachalinensis in Hokkaido: Materials for the studies of growth in forest stands 11.' Bulletin of the Tokyo University Forests, 66, pp. 127-137."
"Segawa1969","","","Segawa K and Kato R (1969). 'Growth of Quercus serrata coppice forest in Koma Experimental Forest.' Technical Report 11, Touhoku Research Center, Forestry and Forest Products Research Institute."
"Segawa1973","","","Segawa K, Kato R and Yoshimura K (1973). 'Populus plantation at mountainous area. Growth and biomass at Terada Experimental stand.' Touhoku Research Center, Forestry and Forest Products Research Institute."
"Selaya2010","10.1890/08-2111.1","http://doi.org/10.1890/08-2111.1","Selaya NG and Anten NPR (2010). 'Leaves of pioneer and later-successional trees have similar lifetime carbon gain in tropical secondary forest.' Ecology, 91, pp. 1102-1113."
"Sillett2010","10.1016/j.foreco.2009.12.003","http://doi.org/10.1016/j.foreco.2009.12.003","Sillett SC, Van Pelt R, Koch GW, Ambrose AR, Carroll AL, Antoine ME and Mifsud BM (2010). 'Increasing wood production through old age in tall trees.' Forest Ecology and Management, 259(5), pp. 976-994."
"Singh1980","","","Singh AK, Pandey VN and Misra KN (1980). 'Stand composition and phytomass distribution of a tropical deciduous Teak (Tectona grandis) plantation in India.' Journal of the Japanese Forest Society, 62, pp. 39-159."
"Stancioiu2005","10.1139/x05-039","http://doi.org/10.1139/x05-039","Stancioiu PT and O'Hara KL (2005). 'Sapwood area-leaf area relationships for coast redwood.' Canadian Journal of Forest Research, 35(5), pp. 1250-1255."
"Sterck0000","","","Sterck F (Unpublished).  "
"Sterck2001","10.1046/j.1365-2745.2001.00525.x","http://doi.org/10.1046/j.1365-2745.2001.00525.x","Sterck FJ and Bongers F (2001). 'Crown development in tropical rain forest trees: patterns with tree height and light availability.' Journal of Ecology, 89(1), pp. 1-13."
"Suzuki1990","","","Suzuki M, Tange T, Suzuki T and Suzuki S (1990). 'Growth and biomass of manmade Zelkova serrata stands in Tokyo University Forest in Chiba.' Bulletin of the Tokyo University Forests, 82, pp. 113-129."
"Suzuki2012","","","Suzuki H (2012). Estimation of aboveground and belowground carbon stock in a forest of Northern Hokkaido. Master's thesis, Hokkaido University, Japan."
"Sweda2003","","","Sweda T and Shimokawa G (2003). 'Estimation of biomass of secondary deciduous broadleaved forest in the Experimental Forest of Ehime University. Estimation of bioproductivity and carbon fix ability on broadleaved secondary forests.' Report of Grant-in-Aid for Scientific Research."
"Tadaki1979","","","Tadaki Y, Takeuchi I, Kawahara T, Sato A and Hatiya K (1979). 'Growth analysis on the natural stands of Japanese red pine (Pinus densiflora Sieb. et Zucc.) III. Results of experiment (Research note).' Bulletin of the Forestry and Forest Products Research Institute, 305, pp. 125-144."
"Tadaki1995","","","Tadaki Y (1995). 'Structure and productivity of young Castanopsis cuspidata forests growing in different stand densities.' Bulletin of the Nagoya University Forest, 14, pp. 1-24."
"Takagi2010","","","Takagi K, Kotsuka C, Fukuzawa K, Kayama M, Makoto K, Watanabe T, Nomura M, Fukazawa T, Takahashi H, Hojyo H, Ashiya D, Naniwa A, Sugata S, Kamiura T, Sugishita Y, Sakai R, Ito K, Kobayashi M, Maebayashi M, Mizuno M, Murayama T, Kinoshita K, Fujiwara D, Hashida S, Shibata H, Yoshida T, Sasa K, Saigusa N, Fujinuma Y and Akibayashi Y (2010). 'Allometric relationships and carbon and nitrogen contents for three major tree species (Quercus crispula, Betula ermanii, and Abies sachalinensis) in Northern Hokkaido, Japan.' Eurasian Journal of Forest Research, 13, pp. 1-7."
"Takahashi1999","","",".Takahashi K, Yoshida K, Suzuki M, Seino T, Tani T, Tashiro N, Ishii T, Sugata S, Fujito E, Naniwa A, Kudo G, Hiura T and Kohyama T (1999). 'Stand biomass, net production and canopy structure in a secondary deciduous broad-leaved forest, northern Japan.' Research bulletin of the Hokkaido University Forests, 56, pp. 70-85."
"Tanao1982","","","Tanao T (1982). Biomass and its increment in a hinoki plantation. Master's thesis, Faculty of Agriculture, Nagoya University, Japan."
"Tange1995","","","Tange T (1995). 'Ecophysiological study on the growth of Cryptomeria japonica planted trees.' Bulletin of the Tokyo University Forests, 93, pp. 65-145."
"Tange2010","","","Tange T and Kojima K (2010). 'Aboveground biomass data of Anno growth monitoring stands of Cryptomeria japonica in the University Forest in Chiba, The University of Tokyo.' Technical Report 49, Miscellaneous information, the Tokyo University Forests."
"Terashi1982","","","Terashi K and Setoguchi T (1982). 'Studies on subtropical broadleaf forest (III) Biomass of Castanopsis sieboldii.' The Bulletin of Kyushu Branch of the Japanese Forestry Society, 35, pp. 91-92."
"Tissue0000a","","","Tissue D (Unpublished).  "
"Tissue0000b","","","Tissue D (Unpublished).  "
"Tissue0000c","","","Tissue D (Unpublished).  "
"Utsugi0000","","","Utsugi H and Tanouchi H (Unpublished).  "
"Utsugi2004","","","Utsugi H, Abe S, Iida S, Tobita H, Tanouchi H and Sato M (2004). 'The above ground biomass components of boreal deciduous forest in Northen Japan 1: The above ground biomass estimation and vertical distribution of foliage area.' The Bulletin of Hokkaido Branch of the Japanese Forestry Society, 52, pp. 99-101."
"Valladares2000","10.1890/0012-9658(2000)081[1925:PPRTLO]2.0.CO;2","http://doi.org/10.1890/0012-9658(2000)081[1925:PPRTLO]2.0.CO;2","Valladares F, Wright SJ, Lasso E, Kitajima K and Pearcy R (2000). 'Plastic phenotypic response to light of 16 congeneric shrubs from a Panamanian rainforest.' ECOLOGY, 81(7), pp. 1925-1936."
"vanBreugel2011","10.1016/j.foreco.2011.07.018","http://doi.org/10.1016/j.foreco.2011.07.018","Breugel Mv, Ransijn J, Craven D, Bongers F and Hall JS (2011). 'Estimating carbon stock in secondary forests: Decisions and uncertainties associated with allometric biomass models.' Forest Ecology and Management, 262(8), pp. 1648-1657."
"Vanninen2005","10.1093/treephys/25.1.17","http://doi.org/10.1093/treephys/25.1.17","Vanninen P and Mäkelä A (2005). 'Carbon budget for Scots pine trees: effects of size, competition and site fertility on growth allocation and production.' Tree Physiology, 25(1), pp. 17-30."
"Wang1995","10.1016/0378-1127(95)03590-0","http://doi.org/10.1016/0378-1127(95)03590-0","Wang J, Zhong A, Comeau P, Tsze M and Kimmins J (1995). 'Aboveground biomass and nutrient accumulation in an age sequence of aspen (Populus tremuloides) stands in the Boreal White and Black Spruce Zone, British Columbia.' Forest Ecology and Management, 78(1-3), pp. 127-138."
"Wang1996","10.1016/0378-1127(96)03703-6","http://doi.org/10.1016/0378-1127(96)03703-6","Wang J, Zhong A, Simard S and Kimmins J (1996). 'Aboveground biomass and nutrient accumulation in an age sequence of paper birch (Betula papyrifera) in the Interior Cedar Hemlock zone, British Columbia.' Forest Ecology and Management, 83(1-2), pp. 27-38."
"Wang2000","10.1016/S0378-1127(99)00193-0","http://doi.org/10.1016/S0378-1127(99)00193-0","Wang JR, Letchford T, Comeau P and Kimmins J (2000). 'Above- and below-ground biomass and nutrient distribution of a paper birch and subalpine fir mixed-species stand in the Sub-Boreal Spruce zone of British Columbia.' Forest Ecology and Management, 130(1-3), pp. 17-26."
"Wang2011","10.1093/aob/mcq218","http://doi.org/10.1093/aob/mcq218","Wang F, Kang M, Lu Q, Letort V, Han H, Guo Y, Reffye PD and Li B (2011). 'A stochastic model of tree architecture and biomass partitioning: application to Mongolian Scots Pines.' Annals of Botany, 107(5), pp. 781-792."
"Watanabe1984","","","Watanabe T and Yagi K (1984). 'Above-ground biomass and its vertical distribution in a plantation of Quercus myrsinaefolia.' Technical Report 23, Miscellaneous information, the Tokyo University Forests."
"Watanabe1985","","","Watanabe T and Yagi K (1985). 'Above-ground biomass and its vertical distribution of a young Quercus serrata plantation.' Bulletin of the Tokyo University Forests, 74, pp. 165-174."
"Wenk0000","","","Wenk EH and Falster DS (Unpublished).  "
"Whittaker1974","10.2307/1942313","http://doi.org/10.2307/1942313","Whittaker RH, Bormann FH, Likens GE and Siccama TG (1974). 'The Hubbard Brook Ecosystem Study: Forest Biomass and Production.' Ecological Monographs, 44(2), pp. 233-254."
"Williams2005","","http://dx.doi.org/10.1071/BT04149","Williams R, Zerihun A, Montagu K, Hoffman M, Hutley L and Chen X (2005). 'Allometry for estimating aboveground tree biomass in tropical and subtropical eucalypt woodlands: towards general predictive equations.' Aust. J. Bot., 53(7), pp. 607-619."
"Ximenes2004","","","Ximenes F, Gardner W and Marchant J (2004). 'Total biomass measurement and recovery of biomass in log products in spotted gum (Corymbia maculata) forests of SE NSW.' National Carbon Accounting System Technical Report, 47, pp. 1-92."
"Yamaba2007","","","Yamaba A (2007). 'Estimation of underground biomass of major tree species in forests, Hiroshima prefecture.' Bulletin of the Hiroshima Prefectural Forestry Research Center, 39, pp. 23-30."
"Yamada1957","","","Yamada S, Maruyama K and Miyazawa S (1957). 'Biomass of Pinus densiflora mature trees along topographic gradient.' Bulletin of the Japan Forest Society, 67, pp. 218-222."
"Yamada1996","10.1007/BF02344547","http://doi.org/10.1007/BF02344547","Yamada T and Suzuki E (1996). 'Ontogenic change in leaf shape and crown form of a tropical tree, Scaphium macropodum (Sterculiaceae) in Borneo.' Journal of Plant Research, 109(2), pp. 211-217."
"Yamada2000","10.1046/j.1365-2435.2000.00479.x","http://doi.org/10.1046/j.1365-2435.2000.00479.x","Yamada T, Yamakura T and Lee HS (2000). 'Architectural and allometric differences among Scaphium species are related to microhabitat preferences.' Functional Ecology, 14(6), pp. 731-737."
"Yamaji1991","","","Yamaji K (1991). On the estimation of radiation interception by woody organs in a hinoki plantation. Master's thesis, Faculty of Agriculture, Nagoya University, Japan."
"Yamakura1972","","","Yamakura T, Saito H and Shidei T (1972). 'Production and structure of under-ground part of Hinoki (Chamaecyparis obtusa) stand (I) Estimation of root production by means of root analysis.' Journal of the Japanese Forest Society, 54, pp. 118-125."
"Yamakura1986","","","Yamakura T, Hagihara A, Sukardjo S and Ogawa H (1986). 'Tree size in a mature dipterocarp forest stand in Sebulu, East Kalimantan, Indonesia.' Southeast Asian Studies, 23(4), pp. 452-478."
"Yasui1970","","","Yasui H and Fujie I (1970). 'Studies on the productive structure of Shirakashi (Cyclobalanopsis myrsinaefolia Oerst.) coppice-forest managed by selection method. 7. On the growth of third circulation-period at the Shimoyamasa permanent plot.' Bulletin of the Faculty of Agriculture, Shimane University, 4, pp. 85-92."
"Yasui1971","","","Yasui H and Fujie I (1971). 'Studies on the productive structure of Shirakashi (Cyclobalanopsis myrsinaefolia Oerst.) coppice-forest managed by selection method. 8. On the growth and the biomass at Shirakashi sprout forest by clearing system.' Bulletin of the Faculty of Agriculture, Shimane University, 5, pp. 49-55."
"Yasui1983","","","Yasui H, Fujie I and Yamamoto M (1983). 'Studies on the productive structure of Shirakashi (Cyclobalanopsis myrsinaefolia Oerst.) coppice-forest managed by selection method. 10. On the biomass in fifth circulation-period at the Shimoyamasa permanent plot.' Bulletin of the Faculty of Agriculture, Shimane University, 17, pp. 29-33."
"Yi1989","","","Yi M, Suzaki T and Yahata H (1989). 'Nutrient cycling of Pinus thunbergii forests on sand soil in coast (IV) Above ground biomass and nutrient contents of stands.' Bulletin of Kyushu Branch of the Japanese Forestry Society, 42, pp. 201-202."
"Yoda1978","","","Nagano M and Kira T (1978). 'Aboveground biomass. JIBP synthesis Vol. 18 Biological production in a warm-temperate evergreen oak forest of Japan.' University of Tokyo Press, pp. 69-82."
